{
    "num_nets": "1",
    "net_info": [
        {
            "die": "",
            "net": "VDD",
            "nominal_voltage": "0.899999976",
            "power_or_ground": "power"
        }
    ],
    "instance_voltage": [
        {
            "analysis_mode": "Avg",
            "measurement_mode": "elapsed",
            "min": "0.89999324083328247",
            "max": "0.89999580383300781",
            "average": "0.89999447179877234",
            "size": "23",
            "die": "",
            "net": "VDD"
        },
        {
            "analysis_mode": "Worst",
            "measurement_mode": "elapsed",
            "min": "0.89999324083328247",
            "max": "0.89999580383300781",
            "average": "0.89999447179877234",
            "size": "23",
            "die": "",
            "net": "VDD"
        }
    ]
}
