{
    "num_nets": "1",
    "net_info": [
        {
            "die": "",
            "net": "VDD",
            "nominal_voltage": "0.899999976",
            "power_or_ground": "power"
        }
    ],
    "instance_voltage": [
        {
            "analysis_mode": "Avg",
            "measurement_mode": "elapsed",
            "min": "0.8999934196472168",
            "max": "0.89999735355377197",
            "average": "0.89999478459358218",
            "size": "10",
            "die": "",
            "net": "VDD"
        },
        {
            "analysis_mode": "Worst",
            "measurement_mode": "elapsed",
            "min": "0.8999934196472168",
            "max": "0.89999735355377197",
            "average": "0.89999478459358218",
            "size": "10",
            "die": "",
            "net": "VDD"
        }
    ]
}
