{
    "created_on": "2025-Sep-23 00:38:31",
    "creator": "voltus_rail",
    "nominal_voltage": "0.899999976",
    "is_power_net": "true",
    "is_dynamic_analysis": "false",
    "results": [
        {
            "type": "average",
            "num_voltages": "252",
            "min_node_voltage": "0.899993241",
            "max_node_voltage": "0.899999976",
            "num_currents": "252",
            "min_tap_current": "-0",
            "max_tap_current": "6.81900531e-07",
            "min_voltage_source_current": "-2.9531931886594975e-06",
            "max_voltage_source_current": "-2.6312286536267493e-06",
            "min_voltage_source_voltage": "0.89999997615814209",
            "max_voltage_source_voltage": "0.89999997615814209",
            "num_peak_currents": "270",
            "peak_current_file": ".\/run1\/VDD_25C_avg_1\/voltus_rail.iavg",
            "min_peak_current": "-2.6162322228628909e-06",
            "max_peak_current": "1.1494436193970614e-06"
        }
    ],
    "VC_SUM_Peak": "5.58442207e-06",
    "TC_SUM_Peak": "5.57015483e-06",
    "VC_SUM_Avg": "5.58442207e-06",
    "TC_SUM_Avg": "5.57015483e-06"
}
