{
    "created_on": "2025-Sep-24 21:17:49",
    "creator": "voltus_rail",
    "nominal_voltage": "0.899999976",
    "is_power_net": "true",
    "is_dynamic_analysis": "false",
    "results": [
        {
            "type": "average",
            "num_voltages": "146",
            "min_node_voltage": "0.89999342",
            "max_node_voltage": "0.899999976",
            "num_currents": "146",
            "min_tap_current": "-0",
            "max_tap_current": "1.33565538e-06",
            "min_voltage_source_current": "-1.9317881196911912e-06",
            "max_voltage_source_current": "-1.6431300764452317e-06",
            "min_voltage_source_voltage": "0.89999997615814209",
            "max_voltage_source_voltage": "0.89999997615814209",
            "num_peak_currents": "156",
            "peak_current_file": ".\/run1\/VDD_25C_avg_2\/voltus_rail.iavg",
            "min_peak_current": "-1.0955012612612336e-06",
            "max_peak_current": "7.3024870061999536e-07"
        }
    ],
    "VC_SUM_Peak": "3.57491808e-06",
    "TC_SUM_Peak": "3.53970881e-06",
    "VC_SUM_Avg": "3.57491808e-06",
    "TC_SUM_Avg": "3.53970881e-06"
}
